﻿{
    "$schema": "http://schema.management.azure.com/schemas/2015-01-01/deploymentTemplate.json#",
    "contentVersion": "1.0.0.0",
  "parameters": {
    "StorageACCType": {
      "type": "string",
      "defaultValue": "Standard_LRS",
      "allowedValues": [
        "Standard_LRS",
        "Standard_ZRS",
        "Standard_GRS",
        "Standard_RAGRS",
        "Premium_LRS"
      ]
    },
    "StorageACCName": {
      "type": "string",
      "metadata": {
        "description": "Storage Account Unique name"
      }
    }
  },
  "variables": {
    "location": "[resourceGroup().location]"
  },
  "resources": [
    ],
  "outputs": {
    "StorageACCName": {
      "value": "[parameters('StorageACCName')]",
      "type": "string"
    }
  }
}
