{
  "handler": "Microsoft.Compute.MultiVm",
  "version": "0.0.1-preview",
  "parameters": {
    "basics": [

    ],
    "steps": [
      {
        "name": "VNETSetup",
        "label": "Virtual Network Setup",
        "subLabel": {
          "preValidation": "Configure the Virtual Network",
          "postValidation": "Done"
        },
        "bladeTitle": "Virtual Network Settings",
        "elements": [
          {
            "name": "vnetSpec",
            "type": "Microsoft.Network.VirtualNetworkCombo",
            "label": {
              "virtualNetwork": "Virtual network",
              "subnets": "Subnets"
            },
            "toolTip": {
              "virtualNetwork": "",
              "subnets": ""
            },
            "defaultValue": {
              "name": "OutSystems_VN",
              "addressPrefixSize": "/24"
            },
            "constraints": {
              "minAddressPrefixSize": "/29"
            },
            "subnets": {
              "subnet1": {
                "label": "Front-End subnet",
                "defaultValue": {
                  "name": "FEsubnet",
                  "addressPrefixSize": "/25"
                },
                "constraints": {
                  "minAddressPrefixSize": "/29",
                  "minAddressCount": 2,
                  "requireContiguousAddresses": true
                }
              },
              "subnet2": {
                "label": "Back-End subnet",
                "defaultValue": {
                  "name": "BEsubnet",
                  "addressPrefixSize": "/25"
                },
                "constraints": {
                  "minAddressPrefixSize": "/29",
                  "minAddressCount": 2,
                  "requireContiguousAddresses": true
                }
              }
            }
          }


        ]
      },
      {
        "name": "FESetup",
        "label": "Front-End Setup",
        "subLabel": {
          "preValidation": "Configure the Front-End Environment",
          "postValidation": "Done"
        },
        "bladeTitle": "Front-End Settings",
        "elements": [
          {
            "name": "WFEadminUsername",
            "type": "Microsoft.Compute.UserNameTextBox",
            "label": "Username",
            "toolTip": "Admin username for the production virtual machines.",
            "osPlatform": "Windows"
          },
          {
            "name": "WFEadminPassword",
            "type": "Microsoft.Compute.CredentialsCombo",
            "label": {
              "password": "Password",
              "confirmPassword": "Confirm password"
            },
            "toolTip": {
              "password": "Admin password for the production virtual machines."
            },
            "osPlatform": "Windows"
          },


          {
            "name": "storageAccount2",
            "type": "Microsoft.Storage.StorageAccountSelector",
            "label": "Front-End Storage account",
            "defaultValue": {
              "type": "Standard_LRS"
            },
            "constraints": {
              "excludedTypes": [
                "Premium_LRS",
                "Standard_ZRS"
              ]
            }
          },

          {
            "name": "deployLB",
            "type": "Microsoft.Common.OptionsGroup",
            "label": "Deploy LoadBalancer and Availability Set?",
            "toolTip": "Choose if you wish to deploy a LoadBalancer for multiple VM",
            "defaultValue": "Yes",
            "constraints": {
              "allowedValues": [
                {
                  "label": "Yes",
                  "value": "yLB"
                },
                {
                  "label": "No",
                  "value": "nLB"
                }
              ]
            }
          },
          {
            "name": "publicDNS",
            "type": "Microsoft.Network.PublicIpAddressCombo",
            "label": {
              "domainNameLabel": "DNS label"
            },
            "constraints": {
              "required": {
                "domainNameLabel": true
              }
            },
            "defaultValue": {
              "publicIpAddressName": "ip01",
              "domainNameLabel": "change-to-be-unique"
            },
            "toolTip": {
              "domainNameLabel": "DNS label for the public IP address. This option is only used if a LoadBalancer is selected."
            },
            "options": {
              "hidepublicIpAddressName": true
            }
          },


          {
            "name": "FENAME",
            "type": "Microsoft.Common.TextBox",
            "label": "Front-End hostname prefix",
            "toolTip": "Hostname prefix for the Front-End.",
            "defaultValue": "FE",
            "constraints": {
              "required": true
            }
          },

          {
            "name": "FEVmCount",
            "type": "Microsoft.Common.DropDown",
            "label": "Number of Front-End VMs",
            "defaultValue": "2",
            "toolTip": "",
            "constraints": {
              "allowedValues": [
                {
                  "label": "1",
                  "value": 1
                },
                {
                  "label": "2",
                  "value": 2
                },
                {
                  "label": "3",
                  "value": 3
                },
                {
                  "label": "4",
                  "value": 4
                },
                {
                  "label": "5",
                  "value": 5
                },
                {
                  "label": "6",
                  "value": 6
                },
                {
                  "label": "7",
                  "value": 7
                },
                {
                  "label": "8",
                  "value": 8
                }
              ]
            }
          },

          {
            "name": "FEVmSize",
            "type": "Microsoft.Compute.SizeSelector",
            "label": "Front-End Virtual machine size",
            "toolTip": "The size of the Front-End VMs.",
            "recommendedSizes": [
              "Standard_D2_v2",
              "Standard_D3_v2"
            ],
            "constraints": {
              "required": true,
              "allowedSizes": [
                "Standard_D2_v2",
                "Standard_D3_v2",
                "Standard_D4_v2",
                "Standard_D1",
                "Standard_D2",
                "Standard_DS2",
                "Standard_D3",
                "Standard_DS3",
                "Standard_D4",
                "Standard_DS4",
                "Standard_D11",
                "Standard_DS11",
                "Standard_D12",
                "Standard_DS12",
                "Standard_D13",
                "Standard_DS13",
                "Standard_D14",
                "Standard_DS14"
              ]
            },
            "osPlatform": "Windows",
            "imageReference": {
              "publisher": "MicrosoftWindowsServer",
              "offer": "WindowsServer",
              "sku": "2012-R2-Datacenter"
            },
            "count": "[steps('FESetup').FEVmCount]"
          },

          {
            "name": "deployCONT",
            "type": "Microsoft.Common.OptionsGroup",
            "label": "Standalone Deployment Controller server?",
            "toolTip": "Check if you wish to deploy a dedicated Deployment Controller server",
            "defaultValue": "Yes",
            "constraints": {
              "allowedValues": [
                {
                  "label": "Yes",
                  "value": "yDCS"
                },
                {
                  "label": "No",
                  "value": "nDCS"
                }
              ]
            }
          },

          {
            "name": "ContName",
            "type": "Microsoft.Common.TextBox",
            "label": "Deployment Controller server hostname",
            "defaultValue": "DC",
            "toolTip": "The name of the Deployment Controller server VM.",
            "constraints": {
              "required": true
            }
          },

          {
            "name": "ContVmSize",
            "type": "Microsoft.Compute.SizeSelector",
            "label": "Deployment Controller Virtual Machine size",
            "toolTip": "The size of the virtual machine for the Deployment Controller.",
            "recommendedSizes": [
              "Standard_A2",
              "Standard_A3"
            ],
            "constraints": {
              "allowedSizes": [
                "Standard_A2",
                "Standard_A3",
                "Standard_D2_v2",
                "Standard_D3_v2",
                "Standard_D4_v2",
                "Standard_D1",
                "Standard_D2",
                "Standard_DS2",
                "Standard_D3",
                "Standard_DS3",
                "Standard_D4",
                "Standard_DS4",
                "Standard_D11",
                "Standard_DS11",
                "Standard_D12",
                "Standard_DS12",
                "Standard_D13",
                "Standard_DS13",
                "Standard_D14",
                "Standard_DS14"
              ]
            },
            "osPlatform": "Windows",
            "imageReference": {
              "publisher": "MicrosoftWindowsServer",
              "offer": "WindowsServer",
              "sku": "2012-R2-Datacenter"
            },
            "count": 1
          }


        ]
      },

      {
        "name": "SQLSetup",
        "label": "SQL settings setup",
        "subLabel": {
          "preValidation": "Configure the SQL settings",
          "postValidation": "Done"
        },
        "bladeTitle": "SQL settings setup",
        "elements": [
          {
            "name": "deploySQL",
            "type": "Microsoft.Common.OptionsGroup",
            "label": "Deploy SQL server?",
            "toolTip": "Choose if you wish to deploy a SQL server",
            "defaultValue": "Yes",
            "constraints": {
              "allowedValues": [
                {
                  "label": "Yes",
                  "value": "ySQL"
                },
                {
                  "label": "No",
                  "value": "nSQL"
                }
              ]
            }
          },

          {
            "name": "SQLNAME",
            "type": "Microsoft.Common.TextBox",
            "label": "SQL hostname",
            "toolTip": "Hostname for the SQL server.",
            "defaultValue": "SQL",
            "constraints": {
              "required": true
            }
          },

          {
            "name": "SQLVmSize",
            "type": "Microsoft.Compute.SizeSelector",
            "label": "Virtual machine size",
            "toolTip": "The size of the virtual machine for the SQL server.",
            "recommendedSizes": [
              "Standard_DS1",
              "Standard_DS2",
              "Standard_DS3"
            ],
            "constraints": {
              "allowedSizes": [
                "Standard_DS1",
                "Standard_DS2",
                "Standard_DS3",
                "Standard_DS4",
                "Standard_DS11",
                "Standard_DS12",
                "Standard_DS13",
                "Standard_DS14"
              ]
            },
            "osPlatform": "Windows",
            "imageReference": {
              "publisher": "MicrosoftWindowsServer",
              "offer": "SQL2014-WS2012R2",
              "sku": "Standard"
            },
            "count": 1
          },

          {
            "name": "storageAccount",
            "type": "Microsoft.Storage.StorageAccountSelector",
            "label": "SQL Storage account",
            "defaultValue": {
              "type": "Standard_LRS"
            },
            "constraints": {
              "excludedTypes": [
                "Standard_ZRS"
              ]
            }
          },

          {
            "name": "SQL_SKU",
            "type": "Microsoft.Common.DropDown",
            "label": "SQL Version",
            "defaultValue": "Enterprise",
            "toolTip": "",
            "constraints": {
              "allowedValues": [
                {
                  "label": "Enterprise",
                  "value": "Enterprise"
                },
                {
                  "label": "Standard",
                  "value": "Standard"
                }
              ]
            }
          }

        ]
      }
    ],
    "outputs": {
      "AdminUserName": "[steps('FESetup').WFEadminUsername]",
      "AdminPassword": "[steps('FESetup').WFEadminPassword.password]",
      "FEName": "[steps('FESetup').FENAME]",
      "FEVmSize": "[steps('FESetup').FEVmSize]",
      "count": "[steps('FESetup').FEVmCount]",
      "CONTName": "[steps('FESetup').ContName]",
      "CONTVmSize": "[steps('FESetup').ContVmSize]",
      "SQLName": "[steps('SQLSetup').SQLNAME]",
      "SQLVmSize": "[steps('SQLSetup').SQLVmSize]",
      "virtualNetworkName": "[steps('VNETSetup').vnetSpec.name]",
      "vnetNewOrExisting": "[steps('VNETSetup').vnetSpec.newOrExisting]",
      "virtualNetworkExistingRGName": "[steps('VNETSetup').vnetSpec.resourceGroup]",
      "vnetAddressPrefix": "[steps('VNETSetup').vnetSpec.addressPrefix]",
      "FESubnetName": "[steps('VNETSetup').vnetSpec.subnets.subnet1.name]",
      "FESubnetAddressPrefix": "[steps('VNETSetup').vnetSpec.subnets.subnet1.addressPrefix]",
      "BESubnetName": "[steps('VNETSetup').vnetSpec.subnets.subnet2.name]",
      "BESubnetAddressPrefix": "[steps('VNETSetup').vnetSpec.subnets.subnet2.addressPrefix]",
      "StorageNewOrExisting": "[steps('FESetup').storageAccount2.newOrExisting]",
      "StorageACCName": "[steps('FESetup').storageAccount2.name]",
      "StorageACCType": "[steps('FESetup').storageAccount2.type]",
      "CreateLBchoosebox": "[steps('FESetup').deployLB]",
      "dnsNameforLBIP": "[steps('FESetup').publicDNS.domainNameLabel]",
      "CreateDCSchoosebox": "[steps('FESetup').deployCONT]",
      "CreateSQLchoosebox": "[steps('SQLSetup').deploySQL]",
      "SQLWindowsOSVersion": "[steps('SQLSetup').SQL_SKU]",
      "SQLStorageNewOrExisting": "[steps('SQLSetup').storageAccount.newOrExisting]",
      "SQLStorageACCName": "[steps('SQLSetup').storageAccount.name]",
      "SQLStorageACCType": "[steps('SQLSetup').storageAccount.type]",
      "location": "[location()]"

    }
  }
}