﻿{
    "$schema": "http://schema.management.azure.com/schemas/2015-01-01/deploymentTemplate.json#",
    "contentVersion": "1.0.0.0",
  "parameters": {
    "StorageACCType": {
      "type": "string",
      "defaultValue": "Standard_LRS"
    },
    "StorageACCName": {
      "type": "string",
      "metadata": {
        "description": "Storage Account Unique name"
      }
    },
    "apiver": {
      "type": "string",
      "defaultValue": "2015-11-01"
    },
    "location": {
      "type": "string"
    }
  },
  "variables": {
  },
  "resources": [
    ],
  "outputs": {
    "StorageACCName": {
      "value": "[parameters('StorageACCName')]",
      "type": "string"
    }
  }
}
