﻿{
    "$schema": "http://schema.management.azure.com/schemas/2015-01-01/deploymentTemplate.json#",
    "contentVersion": "1.0.0.0",
  "parameters": {
    "AdminUserName": {
      "type": "string",
      "minLength": 1
    },
    "AdminPassword": {
      "type": "securestring"
    },
    "SQLWindowsOSVersion": {
      "type": "string",
      "defaultValue": "Standard"
    },
    "SQLName": {
      "type": "string",
      "minLength": 1,
      "defaultValue": "SQL",
      "metadata": {
        "description": "SQL server hostname"
      }
    },
    "SQLImageOffer": {
      "type": "string",
      "defaultValue": "SQL2014-WS2012R2"
    },
    "SubnetRef": {
      "type": "string",
      "metadata": {
        "description": "Subnet Reference"
      }
    },
    "StorageACCName": {
      "type": "string",
      "metadata": {
        "description": "Storage Account Unique name"
      }
    },
    "SQLVmSize": {
      "type": "string",
      "defaultValue": "Standard_D1",
      "metadata": {
        "description": "VM Size SQL"
      }
    },
    "StorageAccountContainerName": {
      "type": "string",
      "metadata": {
        "description": "Storage Container Name"
      }
    },
    "apiver": {
      "type": "string",
      "defaultValue": "2015-11-01"
    },
    "NETapiver": {
      "type": "string",
      "defaultValue": "2015-06-15"
    },
    "location": {
      "type": "string"
    }
  },

  "variables": {
    "SQLImagePublisher": "MicrosoftSQLServer"
  },
  "resources": [

    {
      "apiVersion": "[parameters('NETapiver')]",
      "type": "Microsoft.Network/publicIPAddresses",
      "name": "[concat('sqlpublicip',toLower(parameters('SQLName')))]",
      "location": "[parameters('location')]",
      "properties": {
        "publicIPAllocationMethod": "Dynamic"
      }
    },

    {
      "name": "[concat(parameters('SQLName'), 'NIC')]",
      "type": "Microsoft.Network/networkInterfaces",
      "location": "[parameters('location')]",
      "dependsOn": [
        "[concat('Microsoft.Network/publicIPAddresses/', concat('sqlpublicip',toLower(parameters('SQLName'))))]"
      ],
      "apiVersion": "[parameters('NETapiver')]",
      "tags": {
        "displayName": "[concat(parameters('SQLName'), 'NIC')]"
      },
      "properties": {
        "ipConfigurations": [
          {
            "name": "ipconfig1",
            "properties": {
              "privateIPAllocationMethod": "Dynamic",
              "subnet": {
                "id": "[parameters('SubnetRef')]"
              },
              "publicIPAddress": {
                "id": "[resourceId('Microsoft.Network/publicIPAddresses', concat('sqlpublicip',toLower(parameters('SQLName'))))]"
              }
            }
          }
        ]
      }
    },
    {
      "apiVersion": "[parameters('NETapiver')]",
      "dependsOn": [
        "[concat('Microsoft.Network/networkInterfaces/', parameters('SQLName'), 'NIC')]"
      ],
      "location": "[parameters('location')]",
      "name": "[parameters('SQLName')]",
      "properties": {
        "hardwareProfile": {
          "vmSize": "[parameters('SQLVmSize')]"
        },
        "osProfile": {
          "computerName": "[parameters('SQLName')]",
          "adminUsername": "[parameters('AdminUsername')]",
          "adminPassword": "[parameters('AdminPassword')]"
        },
        "storageProfile": {
          "imageReference": {
            "publisher": "[variables('SQLImagePublisher')]",
            "offer": "[parameters('SQLImageOffer')]",
            "sku": "[parameters('SQLWindowsOSVersion')]",
            "version": "latest"
          },
          "osDisk": {
            "name": "SQLOSDisk",
            "vhd": {
              "uri": "[concat('http://', parameters('StorageACCName'), '.blob.core.windows.net/', parameters('StorageAccountContainerName'), '/', parameters('SQLName'),'OSDisk', '.vhd')]"
            },
            "caching": "ReadWrite",
            "createOption": "FromImage"
          }
        },
        "networkProfile": {
          "networkInterfaces": [
            {
              "id": "[resourceId('Microsoft.Network/networkInterfaces', concat(parameters('SQLName'), 'NIC'))]"
            }
          ]
        }
      },
      "tags": {
        "displayName": "[parameters('SQLName')]"
      },
      "type": "Microsoft.Compute/virtualMachines"
    }


  ],
    "outputs": {
    }
}
